,Before Population Density per square kilometre,Before Dwellings,Before Total Occupied Private Dwellings,Before Single-detached house,Before Semi-detached house,Before Row house,"Before Apartment, duplex","Before Apartment, building that has fewer than five storeys","Before Apartment, building that has five or more storeys",Before Movable dwelling,Before Average number of bedrooms per dwelling,Before Owned,Before Rented
count,70.0,42.0,70.0,70.0,68.0,68.0,68.0,67.0,69.0,70.0,67.0,70.0,70.0
mean,57324.865634287984,3098.2069845377564,2377.092767731936,631.3300710483722,106.45601111473476,122.83081144146924,99.31457317597928,699.4840489868647,730.1899489223581,4.303425873755545,11.505298699445923,1197.3127688841473,1158.1237734000513
std,113216.39012429418,3194.2198701355937,2443.4708069378385,475.6985095551141,289.9576699176113,116.30851681925463,149.6388218172591,1096.5951984482747,1913.353420651922,12.835005445390072,13.758891211776088,996.8884721070423,1545.4273659714993
min,11.416006571615323,25.34250085105563,23.201692641951656,5.0,0.0,0.0,0.0,0.0,0.0,0.0,0.1654336619050666,19.54363469664207,0.0
25%,1466.1223895437327,1312.7113421496554,753.392017550814,291.0532907592744,11.674444581299074,46.98504989553641,9.894447013725339,85.63828123056084,0.2852304515604597,0.0,1.7879842863798094,497.3388811451271,152.41029909633306
50%,12583.949928150976,2102.862405949971,1651.4765439706205,507.2194731727602,36.67070190435958,83.11154995392921,30.451623650539844,242.9942047471214,70.42675591545833,0.0,3.7742752578754417,1027.032961114357,495.57463940330024
75%,49266.73756186504,3958.129183758814,2363.5229128345204,913.3792672872404,77.45314894262634,171.4597920747244,129.62031886370923,652.9888161740278,269.7502730671911,1.7721885751103936,19.92126109909909,1473.0788366670079,1458.260639626748
max,646168.3952585158,15586.510604952156,13367.434463161098,2680.8437923707884,2184.042564786486,530.0126602542239,598.664877069193,4987.192383530647,12328.09872608337,91.82832804507323,76.04641530799121,6500.350672674027,6299.8855107511035
