,Change Population Density per square kilometre,Change Dwellings,Change Total Occupied Private Dwellings,Change Single-detached house,Change Semi-detached house,Change Row house,"Change Apartment, duplex","Change Apartment, building that has fewer than five storeys","Change Apartment, building that has five or more storeys",Change Movable dwelling,Change Average number of bedrooms per dwelling,Change Owned,Change Rented
count,70.0,42.0,70.0,70.0,67.0,67.0,67.0,67.0,69.0,70.0,67.0,70.0,70.0
mean,26299.634639604097,883.3194969406229,693.9644529193273,-82.2419433628982,-0.833926376488626,52.662304058417725,36.191890183250386,206.7665286497384,526.7510915613481,-2.327495475203436,-2.975905660235333,369.2949485792102,347.8194768784733
std,60371.69662164616,1336.5360399633237,1270.0956687472114,312.53816709033913,150.80850626657102,102.14213594464064,76.49463772920309,522.9089927247842,1159.3374712013326,13.632734341554276,19.911036833270465,673.2219192584292,763.7502446415376
min,-114328.56676016295,-134.52000403698128,-3232.366352547285,-1744.9718168803988,-1134.5847997468838,-182.35290427942203,-124.4920839207254,-297.93443717739217,-562.4529475656761,-91.82832804507323,-74.21185436265623,-2230.8356511179963,-1003.8934857956224
25%,323.22401873096806,101.6444606697337,64.38150893034837,-111.09782005417665,-7.404296355959602,-4.936081410581863,2.233814004142059,-5.296297569882427,0.0,-0.18252249426503925,-17.598195206347356,7.404316229724941,9.543125980492391
50%,12068.849500727183,308.70904993520753,308.5368278975177,-42.88257771661739,0.7322302770992231,14.3100042488268,16.010693168513157,59.60559455296816,31.44148374650284,0.0,-1.1508342444704827,179.6646508797338,150.8170146201175
75%,24253.407984475856,866.1045836266474,889.2289131577147,2.040854078457734,17.634643785665993,97.72167702853434,45.41571637910934,177.53334349530178,409.7266858259445,0.0,12.321722315670357,613.5834549596268,470.4615976696298
max,265403.516471535,6360.43861739684,6448.940354266626,717.6929267677001,298.4652384236624,414.3162438327979,331.4025347402591,2658.2305386748603,6542.339134661455,28.407070935875126,34.64612291780178,2555.7538339865623,4257.012460514003
